year,frequency
2010,0.0
2011,0.0
2012,0.0
2013,0.0
2014,0.0
2015,0.0
2016,0.0
2017,0.0
2018,5.702204819435508e-10
2019,2.190470027585434e-09
